,Year,Car,PTS,Champion,Average_points_Scored,No_of_times_secured_front_grid,Total_no_of_fastest_Laps
0,1950,Alfa Romeo,81.0,1,4.238095238095238,6.0,6.0
1,1950,Deidt Offenhauser,11.0,4,3.3333333333333335,0.0,0.0
2,1950,Ferrari,15.0,3,1.75,0.0,0.0
3,1950,Kurtis Kraft Offenhauser,13.0,4,1.0,1.0,1.0
4,1950,Maserati,13.0,4,0.3103448275862069,0.0,0.0
5,1950,Maserati Milano,2.0,4,0.6666666666666666,0.0,0.0
6,1950,Simca-Gordini,3.0,4,0.6,0.0,0.0
7,1950,Talbot-Lago,19.0,2,0.5555555555555556,0.0,0.0
8,1951,Alfa Romeo,66.0,2,2.7777777777777777,4.0,7.0
9,1951,BRM,5.0,4,1.0,0.0,0.0
10,1951,Ferrari,74.0,1,2.7666666666666666,3.0,0.0
11,1951,Kurtis Kraft Offenhauser,19.0,3,1.2666666666666666,0.0,1.0
12,1951,Schroeder Offenhauser,2.0,4,1.0,0.0,0.0
13,1951,Sherman Offenhauser,3.0,4,3.0,0.0,0.0
14,1951,Talbot-Lago,2.0,4,0.1111111111111111,0.0,0.0
15,1952,Connaught Lea Francis,5.0,4,0.625,0.0,0.0
16,1952,Cooper Bristol,12.0,4,0.75,0.0,0.0
17,1952,Ferrari,100.0,1,2.6777777777777776,7.0,7.0
18,1952,Gordini,17.0,2,0.7391304347826086,0.0,0.0
19,1952,Kurtis Kraft Offenhauser,13.0,3,0.7222222222222222,0.0,1.0
20,1952,Kuzma Offenhauser,8.0,4,8.0,0.0,0.0
21,1952,Lesovsky Offenhauser,3.0,4,1.0,0.0,0.0
22,1952,Maserati,8.5,4,0.5666666666666667,0.0,0.0
23,1952,Simca-Gordini,2.0,4,0.0,0.0,0.0
24,1953,Ferrari,96.5,1,2.6739130434782608,6.0,5.0
25,1953,Gordini,4.0,4,0.14814814814814814,0.0,0.0
26,1953,Kurtis Kraft Offenhauser,24.0,3,0.8275862068965517,1.0,1.0
27,1953,Maserati,62.5,2,1.5853658536585367,2.0,3.0
28,1954,Ferrari,78.7,1,1.8651162790697675,2.0,2.0
29,1954,Gordini,4.1,4,0.16399999999999998,0.0,0.0
30,1954,Kurtis Kraft Offenhauser,18.0,4,0.6666666666666666,1.0,1.0
31,1954,Kuzma Offenhauser,6.0,4,1.5,0.0,0.0
32,1954,Lancia,3.1,4,0.5,1.0,1.0
33,1954,Maserati,27.2,3,0.7847457627118644,1.0,2.0
34,1954,Mercedes-Benz,62.0,2,3.338888888888889,4.0,3.0
35,1955,Ferrari,39.9,2,1.4739130434782608,1.0,0.0
36,1955,Kurtis Kraft Offenhauser,21.0,4,0.9130434782608695,0.0,1.0
37,1955,Kuzma Offenhauser,3.0,4,0.75,0.0,0.0
38,1955,Lancia,2.0,4,1.0,1.0,0.0
39,1955,Maserati,23.0,3,0.5897435897435898,0.0,1.0
40,1955,Mercedes-Benz,78.0,1,3.761904761904762,4.0,5.0
41,1956,BRM,4.0,4,0.0,0.0,0.0
42,1956,Connaught Alta,9.0,3,1.2857142857142858,0.0,0.0
43,1956,Ferrari,77.5,1,2.3676470588235294,6.0,4.0
44,1956,Gordini,2.0,4,0.14285714285714285,0.0,0.0
45,1956,Kurtis Kraft Novi,1.0,4,1.0,0.0,1.0
46,1956,Kurtis Kraft Offenhauser,8.0,4,0.36363636363636365,0.0,0.0
47,1956,Kuzma Offenhauser,3.0,4,0.42857142857142855,0.0,0.0
48,1956,Maserati,67.0,2,1.1428571428571428,1.0,3.0
49,1956,Phillips Offenhauser,4.0,4,4.0,0.0,0.0
50,1956,Vanwall,3.0,4,0.25,0.0,0.0
51,1956,Watson Offenhauser,8.0,4,8.0,1.0,0.0
52,1957,Cooper Climax,2.0,4,0.15384615384615385,0.0,0.0
53,1957,Epperly Offenhauser,15.0,4,7.5,0.0,1.0
54,1957,Ferrari,48.0,2,1.6551724137931034,0.0,1.0
55,1957,Kurtis Kraft Novi,3.0,4,1.5,0.0,0.0
56,1957,Kurtis Kraft Offenhauser,2.0,4,0.10526315789473684,1.0,0.0
57,1957,Kuzma Offenhauser,4.0,4,0.8,0.0,0.0
58,1957,Maserati,71.0,1,1.4181818181818182,5.0,3.0
59,1957,Vanwall,41.0,3,2.3125,2.0,3.0
60,1958,BRM,26.0,4,1.0909090909090908,0.0,0.0
61,1958,Cooper Climax,30.0,3,0.95,0.0,0.0
62,1958,Epperly Offenhauser,20.0,4,5.0,0.0,1.0
63,1958,Ferrari,86.0,1,2.735294117647059,4.0,6.0
64,1958,Kurtis Kraft Offenhauser,4.0,4,0.2857142857142857,0.0,0.0
65,1958,Lotus Climax,3.0,4,0.15789473684210525,0.0,0.0
66,1958,Maserati,7.0,4,0.20930232558139536,1.0,1.0
67,1958,Vanwall,76.0,2,2.6153846153846154,5.0,3.0
68,1959,BRM,10.0,3,1.0227272727272727,1.0,2.0
69,1959,Cooper Climax,107.0,1,2.3214285714285716,5.0,4.0
70,1959,Epperly Offenhauser,5.0,4,1.25,0.0,0.0
71,1959,Ferrari,67.0,2,2.310344827586207,2.0,2.0
72,1959,Kurtis Kraft Offenhauser,8.0,4,0.0,0.0,0.0
73,1959,Lesovsky Offenhauser,5.0,4,2.5,1.0,1.0
74,1959,Lotus Climax,5.0,4,0.29411764705882354,0.0,0.0
75,1959,Watson Offenhauser,6.0,4,3.5,0.0,0.0
76,1960,BRM,8.0,4,0.34782608695652173,0.0,1.0
77,1960,Cooper Castellotti,3.0,4,0.6,0.0,0.0
78,1960,Cooper Climax,115.0,1,1.9615384615384615,4.0,3.0
79,1960,Cooper Maserati,13.0,4,0.17647058823529413,0.0,0.0
80,1960,Epperly Offenhauser,4.0,4,0.6666666666666666,0.0,0.0
81,1960,Ferrari,18.0,3,1.7916666666666667,1.0,2.0
82,1960,Lesovsky Offenhauser,2.0,4,2.0,0.0,0.0
83,1960,Lotus Climax,51.0,2,1.7333333333333334,4.0,3.0
84,1960,Phillips Offenhauser,3.0,4,3.0,0.0,0.0
85,1960,Porsche,1.0,4,0.5,0.0,0.0
86,1960,Trevis Offenhauser,1.0,4,0.5,0.0,0.0
87,1960,Watson Offenhauser,14.0,4,1.75,0.0,1.0
88,1961,BRM Climax,9.0,4,0.5625,0.0,1.0
89,1961,Cooper Climax,24.0,3,0.5454545454545454,1.0,1.0
90,1961,Ferrari,92.0,1,3.6666666666666665,6.0,5.0
91,1961,Lotus Climax,47.0,2,0.8148148148148148,1.0,1.0
92,1961,Porsche,24.0,3,0.96,0.0,0.0
93,1962,BRM,52.0,1,3.263157894736842,1.0,3.0
94,1962,Brabham Climax,9.0,4,2.0,0.0,0.0
95,1962,Cooper Climax,40.0,2,1.6071428571428572,0.0,1.0
96,1962,Ferrari,30.0,4,1.5,0.0,0.0
97,1962,Lola Climax,19.0,4,1.1875,1.0,0.0
98,1962,Lotus BRM,1.0,4,0.14285714285714285,0.0,0.0
99,1962,Lotus Climax,39.0,3,0.84,6.0,5.0
100,1962,Porsche,20.0,4,0.8,1.0,0.0
101,1963,ATS,0.0,4,0.0,0.0,0.0
102,1963,Alfa Romeo,0.0,4,0.0,0.0,0.0
103,1963,BRM,58.0,1,2.6,2.0,0.0
104,1963,BRP BRM,6.0,4,1.2,0.0,0.0
105,1963,Brabham Climax,33.0,3,1.736842105263158,0.0,1.0
106,1963,Brabham Ford,0.0,4,0.0,0.0,0.0
107,1963,Cooper Climax,32.0,4,1.0,0.0,0.0
108,1963,Cooper Maserati,0.0,4,0.0,0.0,0.0
109,1963,Ferrari,29.0,4,1.5,1.0,3.0
110,1963,Gilby BRM,0.0,4,0.0,0.0,0.0
111,1963,LDS Alfa Romeo,0.0,4,0.0,0.0,0.0
112,1963,Lola Climax,0.0,4,0.0,0.0,0.0
113,1963,Lotus BRM,4.0,4,0.14814814814814814,0.0,0.0
114,1963,Lotus Climax,55.0,2,2.740740740740741,7.0,6.0
115,1963,Lotus Ford,0.0,4,0.0,0.0,0.0
116,1963,Porsche,5.0,4,0.5555555555555556,0.0,0.0
117,1963,Scirocco BRM,0.0,4,0.0,0.0,0.0
118,1963,Stebro Ford,0.0,4,0.0,0.0,0.0
119,1964,BRM,68.0,1,2.121212121212121,1.0,1.0
120,1964,BRP BRM,5.0,4,0.38461538461538464,0.0,0.0
121,1964,Brabham BRM,7.0,4,0.4375,0.0,0.0
122,1964,Brabham Climax,38.0,4,1.125,2.0,0.0
123,1964,Cooper Climax,14.0,4,0.7619047619047619,0.0,0.0
124,1964,Ferrari,64.0,2,2.909090909090909,2.0,2.0
125,1964,Lotus BRM,3.0,4,0.13636363636363635,0.0,0.0
126,1964,Lotus Climax,49.0,3,2.130434782608696,5.0,4.0
127,1965,BRM,73.0,1,3.0,4.0,3.0
128,1965,Brabham BRM,5.0,4,0.2777777777777778,0.0,0.0
129,1965,Brabham Climax,39.0,3,1.054054054054054,0.0,1.0
130,1965,Cooper Climax,14.0,4,0.6666666666666666,0.0,0.0
131,1965,Ferrari,32.0,4,1.4545454545454546,0.0,0.0
132,1965,Honda,13.0,4,0.9285714285714286,0.0,0.0
133,1965,Lotus BRM,2.0,4,0.10526315789473684,0.0,0.0
134,1965,Lotus Climax,64.0,2,2.6666666666666665,6.0,6.0
135,1966,BRM,31.0,4,1.4166666666666667,0.0,0.0
136,1966,Brabham BRM,1.0,4,0.2,0.0,0.0
137,1966,Brabham Climax,1.0,4,0.07692307692307693,0.0,2.0
138,1966,Brabham Repco,60.0,1,3.7058823529411766,3.0,0.0
139,1966,Cooper Maserati,54.0,2,1.2564102564102564,1.0,2.0
140,1966,Eagle Climax,4.0,4,0.6666666666666666,0.0,0.0
141,1966,Eagle Weslake,3.0,4,0.0,0.0,0.0
142,1966,Ferrari,33.0,3,2.625,3.0,4.0
143,1966,Honda,5.0,4,0.6,0.0,1.0
144,1966,Lotus BRM,21.0,4,0.6842105263157895,0.0,0.0
145,1966,McLaren Ford,3.0,4,0.6666666666666666,0.0,0.0
146,1967,BRM,21.0,4,0.6363636363636364,0.0,0.0
147,1967,Brabham Climax,2.0,4,0.2857142857142857,0.0,0.0
148,1967,Brabham Repco,98.0,1,3.6666666666666665,2.0,2.0
149,1967,Cooper Climax,6.0,4,6.0,0.0,0.0
150,1967,Cooper Maserati,31.0,3,0.6904761904761905,0.0,0.0
151,1967,Eagle Climax,13.0,4,0.0,0.0,2.0
152,1967,Eagle Weslake,1.0,4,1.0,0.0,0.0
153,1967,Ferrari,22.0,4,1.4375,0.0,0.0
154,1967,Honda,20.0,4,2.2222222222222223,0.0,0.0
155,1967,Lotus Ford,56.0,2,2.272727272727273,8.0,0.0
156,1967,McLaren BRM,3.0,4,0.5,0.0,0.0
157,1968,BRM,28.0,4,0.9032258064516129,0.0,2.0
158,1968,Brabham Repco,12.0,4,0.41379310344827586,0.0,0.0
159,1968,Cooper BRM,20.0,4,1.0,0.0,0.0
160,1968,Ferrari,37.0,4,1.608695652173913,4.0,0.0
161,1968,Honda,15.0,4,0.9333333333333333,1.0,1.0
162,1968,Lotus Ford,75.0,1,2.142857142857143,5.0,5.0
163,1968,Matra,11.0,4,0.6666666666666666,0.0,0.0
164,1968,Matra Ford,42.0,3,2.8125,0.0,4.0
165,1968,McLaren Ford,58.0,2,2.24,0.0,0.0
166,1969,BRM,7.0,4,0.28,0.0,0.0
167,1969,Brabham Ford,68.0,2,1.8888888888888888,0.0,0.0
168,1969,Ferrari,7.0,4,0.6363636363636364,0.0,0.0
169,1969,Lotus Ford,56.0,3,1.2391304347826086,5.0,2.0
170,1969,Matra Ford,85.0,1,3.36,2.0,6.0
171,1969,McLaren Ford,49.0,4,1.8846153846153846,0.0,0.0
172,1970,BRM,25.0,4,0.7352941176470589,0.0,0.0
173,1970,Brabham Ford,35.0,3,1.3461538461538463,1.0,3.0
174,1970,Ferrari,76.0,1,3.04,5.0,7.0
175,1970,Lotus Ford,70.0,2,1.8918918918918919,3.0,1.0
176,1970,March Ford,30.0,4,0.9166666666666666,4.0,1.0
177,1970,Matra,24.0,4,0.9230769230769231,0.0,0.0
178,1970,McLaren Ford,35.0,3,1.2857142857142858,0.0,1.0
179,1970,Surtees Ford,4.0,4,0.375,0.0,0.0
180,1970,Tyrrell Ford,25.0,4,0.0,0.0,0.0
181,1971,BRM,42.0,3,1.1666666666666667,1.0,1.0
182,1971,Brabham Ford,7.0,4,0.2916666666666667,0.0,0.0
183,1971,Ferrari,44.0,2,1.6296296296296295,3.0,4.0
184,1971,Lotus Ford,25.0,4,1.0869565217391304,0.0,0.0
185,1971,Matra,10.0,4,0.5882352941176471,1.0,0.0
186,1971,McLaren Ford,9.0,4,0.52,0.0,1.0
187,1971,Surtees Ford,9.0,4,0.34615384615384615,0.0,0.0
188,1971,Tyrrell Ford,88.0,1,3.8260869565217392,6.0,4.0
189,1972,BRM,18.0,4,0.2978723404255319,0.0,1.0
190,1972,Brabham Ford,7.0,4,0.21875,1.0,0.0
191,1972,Ferrari,47.0,4,1.5666666666666667,4.0,3.0
192,1972,Lotus Ford,61.0,2,2.259259259259259,3.0,0.0
193,1972,March Ford,15.0,4,0.2777777777777778,0.0,0.0
194,1972,Matra,12.0,4,1.0909090909090908,1.0,2.0
195,1972,McLaren Ford,62.0,1,2.64,1.0,1.0
196,1972,Surtees Ford,18.0,4,0.4864864864864865,0.0,1.0
197,1972,Tyrrell Ford,60.0,3,2.4,2.0,4.0
198,1973,BRM,13.0,4,0.29545454545454547,1.0,0.0
199,1973,Brabham Ford,22.0,4,0.5365853658536586,0.0,0.0
200,1973,Ferrari,6.0,4,0.7368421052631579,0.0,0.0
201,1973,Iso Marlboro Ford,14.0,4,0.07142857142857142,0.0,0.0
202,1973,Lotus Ford,107.0,2,3.4516129032258065,10.0,7.0
203,1973,March Ford,14.0,4,0.358974358974359,0.0,2.0
204,1973,McLaren Ford,64.0,3,1.9428571428571428,1.0,2.0
205,1973,Shadow Ford,9.0,4,0.24324324324324326,0.0,0.0
206,1973,Surtees Ford,7.0,4,0.2,0.0,2.0
207,1973,Tyrrell Ford,119.0,1,3.933333333333333,3.0,2.0
208,1974,BRM,10.0,4,0.2631578947368421,0.0,0.0
209,1974,Brabham Ford,49.0,4,1.0,1.0,3.0
210,1974,Ferrari,90.0,1,3.0,10.0,6.0
211,1974,Hesketh Ford,15.0,4,1.25,0.0,0.0
212,1974,Iso Marlboro Ford,4.0,4,0.18181818181818182,0.0,0.0
213,1974,Lola Ford,1.0,4,0.037037037037037035,0.0,0.0
214,1974,Lotus Ford,47.0,4,1.4242424242424243,1.0,2.0
215,1974,March Ford,6.0,4,0.21428571428571427,0.0,0.0
216,1974,McLaren Ford,87.0,2,1.891304347826087,2.0,1.0
217,1974,Shadow Ford,7.0,4,0.25,0.0,0.0
218,1974,Tyrrell Ford,59.0,3,1.903225806451613,1.0,3.0
219,1975,Brabham Ford,61.0,3,2.1785714285714284,1.0,1.0
220,1975,Ensign Ford,1.0,4,0.125,0.0,0.0
221,1975,Ferrari,89.5,1,3.1964285714285716,9.0,6.0
222,1975,Frank Williams Racing Cars/Williams,6.5,4,0.2857142857142857,0.0,0.0
223,1975,Hesketh Ford,33.0,4,1.32,0.0,1.0
224,1975,Hill Ford,3.0,4,0.15,0.0,0.0
225,1975,Lotus Ford,9.0,4,0.3,0.0,0.0
226,1975,March Ford,10.5,4,0.2903225806451613,1.0,1.0
227,1975,McLaren Ford,65.0,2,2.3214285714285716,0.0,2.0
228,1975,Parnelli Ford,5.0,4,0.4166666666666667,0.0,1.0
229,1975,Shadow Ford,9.5,4,0.38,0.0,0.0
230,1975,Tyrrell Ford,32.0,4,1.032258064516129,0.0,1.0
231,1976,Brabham Alfa Romeo,8.0,4,0.3235294117647059,0.0,0.0
232,1976,Ferrari,102.0,1,3.3,4.0,7.0
233,1976,Fittipaldi Ford,3.0,4,0.1875,0.0,0.0
234,1976,Ligier Matra,20.0,4,1.25,1.0,1.0
235,1976,Lotus Ford,33.0,4,1.0666666666666667,1.0,1.0
236,1976,March Ford,19.0,4,0.3584905660377358,1.0,1.0
237,1976,McLaren Ford,88.0,3,2.75,8.0,3.0
238,1976,Penske Ford,20.0,4,1.1764705882352942,0.0,0.0
239,1976,Shadow Ford,10.0,4,0.3125,0.0,1.0
240,1976,Surtees Ford,7.0,4,0.21212121212121213,0.0,0.0
241,1976,Tyrrell Ford,88.0,3,2.3783783783783785,1.0,2.0
242,1976,Wolf-Williams,2.0,4,0.0,0.0,0.0
243,1977,Brabham Alfa Romeo,27.0,4,0.7941176470588235,1.0,2.0
244,1977,Ensign Ford,10.0,4,0.43478260869565216,0.0,0.0
245,1977,Ferrari,114.0,1,3.4545454545454546,2.0,3.0
246,1977,Fittipaldi Ford,11.0,4,0.6875,0.0,0.0
247,1977,Ligier Matra,19.0,4,1.0,0.0,1.0
248,1977,Lotus Ford,67.0,2,2.0303030303030303,7.0,5.0
249,1977,McLaren Ford,65.0,3,1.4130434782608696,6.0,3.0
250,1977,Shadow Ford,24.0,4,0.7058823529411765,0.0,0.0
251,1977,Surtees Ford,6.0,4,0.2,0.0,0.0
252,1977,Tyrrell Ford,27.0,4,0.7714285714285715,0.0,1.0
253,1977,Wolf Ford,55.0,4,3.235294117647059,1.0,2.0
254,1978,Arrows Ford,11.0,4,0.4782608695652174,0.0,0.0
255,1978,Brabham Alfa Romeo,69.0,2,2.090909090909091,2.0,4.0
256,1978,Ensign Ford,1.0,4,0.05555555555555555,0.0,0.0
257,1978,Ferrari,65.0,3,2.03125,2.0,3.0
258,1978,Fittipaldi Ford,17.0,4,1.0625,0.0,0.0
259,1978,Ligier Matra,19.0,4,1.1875,0.0,0.0
260,1978,Lotus Ford,116.0,1,2.8292682926829267,12.0,7.0
261,1978,McLaren Ford,16.0,4,0.3333333333333333,0.0,0.0
262,1978,Renault,3.0,4,0.21428571428571427,0.0,0.0
263,1978,Shadow Ford,6.0,4,0.21428571428571427,0.0,0.0
264,1978,Surtees Ford,1.0,4,0.045454545454545456,0.0,0.0
265,1978,Tyrrell Ford,41.0,4,1.28125,0.0,0.0
266,1978,Williams Ford,11.0,4,0.6875,0.0,2.0
267,1978,Wolf Ford,24.0,4,1.1428571428571428,0.0,0.0
268,1979,ATS Ford,2.0,4,0.14285714285714285,0.0,0.0
269,1979,Arrows Ford,5.0,4,0.17857142857142858,0.0,0.0
270,1979,Brabham Ford,7.0,4,0.0,0.0,1.0
271,1979,Ferrari,98.0,1,3.7666666666666666,2.0,6.0
272,1979,Fittipaldi Ford,1.0,4,0.06666666666666667,0.0,0.0
273,1979,Ligier Ford,59.0,3,2.033333333333333,4.0,3.0
274,1979,Lotus Ford,34.0,4,1.0,0.0,0.0
275,1979,McLaren Ford,15.0,4,0.5357142857142857,0.0,0.0
276,1979,Renault,26.0,4,0.8666666666666667,6.0,2.0
277,1979,Shadow Ford,3.0,4,0.11538461538461539,0.0,0.0
278,1979,Tyrrell Ford,28.0,4,0.875,0.0,0.0
279,1979,Williams Ford,69.0,2,2.5,3.0,3.0
280,1980,Alfa Romeo,4.0,4,0.15384615384615385,1.0,0.0
281,1980,Arrows Ford,11.0,4,0.3793103448275862,0.0,0.0
282,1980,Brabham Ford,55.0,3,1.9642857142857142,2.0,1.0
283,1980,Ferrari,8.0,4,0.2962962962962963,0.0,0.0
284,1980,Fittipaldi Ford,11.0,4,0.4074074074074074,0.0,0.0
285,1980,Ligier Ford,66.0,2,2.357142857142857,3.0,3.0
286,1980,Lotus Ford,14.0,4,0.45161290322580644,0.0,0.0
287,1980,McLaren Ford,11.0,4,0.4074074074074074,0.0,0.0
288,1980,Renault,38.0,4,1.4074074074074074,5.0,4.0
289,1980,Tyrrell Ford,12.0,4,0.4,0.0,0.0
290,1980,Williams Ford,109.0,1,3.5294117647058822,3.0,6.0
291,1981,ATS Ford,1.0,4,0.1111111111111111,0.0,0.0
292,1981,Alfa Romeo,10.0,4,0.3333333333333333,0.0,0.0
293,1981,Arrows Ford,10.0,4,0.4166666666666667,1.0,0.0
294,1981,Brabham Ford,61.0,2,2.103448275862069,4.0,1.0
295,1981,Ensign Ford,1.0,4,0.35714285714285715,0.0,1.0
296,1981,Ferrari,34.0,4,1.1333333333333333,1.0,2.0
297,1981,Ligier Matra,45.0,4,1.5714285714285714,1.0,1.0
298,1981,Lotus Ford,22.0,4,0.8148148148148148,0.0,0.0
299,1981,McLaren Ford,28.0,4,0.9655172413793104,0.0,1.0
300,1981,Renault,54.0,3,1.8620689655172413,6.0,2.0
301,1981,Theodore Ford,4.0,4,0.07692307692307693,0.0,0.0
302,1981,Tyrrell Ford,10.0,4,0.38461538461538464,0.0,0.0
303,1981,Williams Ford,95.0,1,3.1666666666666665,2.0,7.0
304,1982,ATS Ford,4.0,4,0.15384615384615385,0.0,0.0
305,1982,Alfa Romeo,7.0,4,0.21875,1.0,0.0
306,1982,Arrows Ford,5.0,4,0.20833333333333334,0.0,0.0
307,1982,Brabham BMW,41.0,4,1.0,0.0,0.0
308,1982,Ferrari,74.0,1,3.3636363636363638,3.0,2.0
309,1982,Fittipaldi Ford,1.0,4,0.1111111111111111,0.0,0.0
310,1982,Ligier Matra,20.0,4,0.6896551724137931,0.0,0.0
311,1982,Lotus Ford,30.0,4,1.0344827586206897,0.0,0.0
312,1982,McLaren Ford,69.0,2,2.3793103448275863,0.0,2.0
313,1982,Osella Ford,3.0,4,0.2,0.0,0.0
314,1982,Renault,62.0,3,1.9375,10.0,5.0
315,1982,Tyrrell Ford,25.0,4,0.78125,0.0,2.0
316,1982,Williams Ford,58.0,4,1.9333333333333333,1.0,0.0
317,1983,Alfa Romeo,18.0,4,0.6206896551724138,0.0,1.0
318,1983,Arrows Ford,4.0,4,0.14285714285714285,0.0,0.0
319,1983,Brabham BMW,72.0,3,2.4827586206896552,2.0,5.0
320,1983,Brabham BMW,72.0,3,2.4827586206896552,4.0,5.0
321,1983,Ferrari,89.0,1,3.0689655172413794,8.0,3.0
322,1983,Ferrari,89.0,1,3.0689655172413794,8.0,3.0
323,1983,Lotus Renault,12.0,4,0.55,1.0,0.0
324,1983,McLaren Ford,22.0,4,1.7,0.0,0.0
325,1983,McLaren TAG,12.0,4,0.0,0.0,2.0
326,1983,Renault,79.0,2,2.6333333333333333,3.0,3.0
327,1983,Renault,79.0,2,2.6333333333333333,3.0,3.0
328,1983,Theodore Ford,1.0,4,0.047619047619047616,0.0,0.0
329,1983,Toleman Hart,10.0,4,0.3448275862068966,0.0,0.0
330,1983,Tyrrell Ford,12.0,4,0.4444444444444444,0.0,0.0
331,1983,Williams Honda,38.0,4,1.0,0.0,0.0
332,1984,Alfa Romeo,11.0,4,0.36666666666666664,0.0,0.0
333,1984,Arrows BMW,6.0,4,0.15,0.0,0.0
334,1984,Brabham BMW,38.0,4,1.1875,9.0,3.0
335,1984,Brabham BMW,38.0,4,1.1875,1.0,3.0
336,1984,Ferrari,57.5,2,1.796875,1.0,2.0
337,1984,Ferrari,57.5,2,1.796875,2.0,2.0
338,1984,Ligier Renault,3.0,4,0.10714285714285714,0.0,0.0
339,1984,Lotus Renault,47.0,3,1.46875,2.0,0.0
340,1984,Lotus Renault,47.0,3,1.46875,4.0,0.0
341,1984,McLaren TAG,143.5,1,4.484375,3.0,8.0
342,1984,McLaren TAG,143.5,1,4.484375,8.0,8.0
343,1984,Osella Alfa Romeo,2.0,4,0.1,0.0,0.0
344,1984,Renault,34.0,4,1.1724137931034482,1.0,2.0
345,1984,Toleman Hart,16.0,4,0.64,0.0,1.0
346,1984,Williams Honda,25.5,4,0.8225806451612904,1.0,0.0
347,1985,Arrows BMW,14.0,4,0.4375,0.0,0.0
348,1985,Brabham BMW,26.0,4,0.8387096774193549,1.0,0.0
349,1985,Brabham BMW,26.0,4,0.8387096774193549,3.0,0.0
350,1985,Ferrari,82.0,2,2.5625,1.0,2.0
351,1985,Ferrari,82.0,2,2.5625,1.0,2.0
352,1985,Ligier Renault,23.0,4,0.7666666666666667,0.0,1.0
353,1985,Lotus Renault,71.0,3,2.2903225806451615,8.0,3.0
354,1985,Lotus Renault,71.0,3,2.2903225806451615,3.0,3.0
355,1985,McLaren TAG,87.0,1,3.0,2.0,6.0
356,1985,McLaren TAG,87.0,1,3.0,1.0,6.0
357,1985,Renault,16.0,4,0.5161290322580645,0.0,0.0
358,1985,Tyrrell Renault,7.0,4,0.21428571428571427,0.0,0.0
359,1985,Williams Honda,71.0,3,2.2903225806451615,3.0,4.0
360,1985,Williams Honda,71.0,3,2.2903225806451615,8.0,4.0
361,1986,Arrows BMW,1.0,4,0.03333333333333333,0.0,0.0
362,1986,Benetton BMW,19.0,4,0.59375,2.0,3.0
363,1986,Benetton BMW,19.0,4,0.59375,2.0,3.0
364,1986,Brabham BMW,2.0,4,0.06666666666666667,0.0,0.0
365,1986,Ferrari,37.0,4,1.15625,0.0,0.0
366,1986,Ligier Renault,29.0,4,0.9354838709677419,0.0,0.0
367,1986,Lola Ford,6.0,4,0.23076923076923078,0.0,0.0
368,1986,Lotus Renault,58.0,3,1.8709677419354838,8.0,0.0
369,1986,Lotus Renault,58.0,3,1.8709677419354838,1.0,0.0
370,1986,McLaren TAG,94.0,2,3.0,2.0,2.0
371,1986,McLaren TAG,94.0,2,3.0,2.0,2.0
372,1986,Tyrrell Renault,11.0,4,0.34375,0.0,0.0
373,1986,Williams Honda,139.0,1,4.40625,4.0,11.0
374,1986,Williams Honda,139.0,1,4.40625,11.0,11.0
375,1987,AGS Ford,1.0,4,0.07692307692307693,0.0,0.0
376,1987,Arrows Megatron,11.0,4,0.34375,0.0,0.0
377,1987,Benetton Ford,28.0,4,0.875,0.0,1.0
378,1987,Brabham BMW,4.0,4,0.3125,0.0,0.0
379,1987,Ferrari,53.0,4,1.65625,3.0,3.0
380,1987,Ferrari,53.0,4,1.65625,2.0,3.0
381,1987,Ligier Megatron,1.0,4,0.03571428571428571,0.0,0.0
382,1987,Lola Ford,3.0,4,0.16666666666666666,0.0,0.0
383,1987,Lotus Honda,64.0,3,2.064516129032258,1.0,3.0
384,1987,Lotus Honda,64.0,3,2.064516129032258,3.0,3.0
385,1987,March Ford,1.0,4,0.06666666666666667,0.0,0.0
386,1987,McLaren TAG,76.0,2,2.375,3.0,2.0
387,1987,Tyrrell Ford,11.0,4,0.3548387096774194,0.0,0.0
388,1987,Williams Honda,140.0,1,4.566666666666666,12.0,7.0
389,1987,Williams Honda,140.0,1,4.566666666666666,8.0,7.0
390,1987,Zakspeed,2.0,4,0.06666666666666667,0.0,0.0
391,1988,Arrows Megatron,23.0,4,0.71875,0.0,0.0
392,1988,Benetton Ford,39.0,3,1.21875,0.0,1.0
393,1988,Ferrari,65.0,2,2.096774193548387,1.0,4.0
394,1988,Ferrari,65.0,2,2.096774193548387,2.0,4.0
395,1988,Lotus Honda,23.0,4,0.7931034482758621,0.0,0.0
396,1988,March Judd,22.0,4,0.7333333333333333,0.0,0.0
397,1988,McLaren Honda,177.0,1,6.21875,15.0,10.0
398,1988,McLaren Honda,177.0,1,6.21875,12.0,10.0
399,1988,Minardi Ford,1.0,4,0.041666666666666664,0.0,0.0
400,1988,Rial Ford,3.0,4,0.2,0.0,0.0
401,1988,Tyrrell Ford,5.0,4,0.2631578947368421,0.0,0.0
402,1988,Williams Judd,20.0,4,0.625,2.0,1.0
403,1989,AGS Ford,1.0,4,0.16666666666666666,0.0,0.0
404,1989,Arrows Ford,13.0,4,0.43333333333333335,0.0,0.0
405,1989,Benetton Ford,34.0,4,1.3448275862068966,0.0,0.0
406,1989,Brabham Judd,8.0,4,0.2857142857142857,0.0,0.0
407,1989,Dallara Ford,8.0,4,0.2857142857142857,0.0,0.0
408,1989,Ferrari,59.0,3,2.185185185185185,3.0,4.0
409,1989,Ligier Ford,3.0,4,0.15,0.0,0.0
410,1989,Lola Lamborghini,7.0,4,0.047619047619047616,0.0,0.0
411,1989,Lotus Judd,15.0,4,0.5555555555555556,0.0,1.0
412,1989,March Judd,4.0,4,0.12903225806451613,0.0,1.0
413,1989,McLaren Honda,136.0,1,4.862068965517241,15.0,8.0
414,1989,McLaren Honda,136.0,1,4.862068965517241,12.0,8.0
415,1989,Minardi Ford,6.0,4,0.25,0.0,0.0
416,1989,Onyx Ford,6.0,4,0.4,0.0,0.0
417,1989,Rial Ford,3.0,4,0.75,0.0,0.0
418,1989,Tyrrell Ford,15.0,4,0.5714285714285714,0.0,1.0
419,1989,Williams Renault,77.0,2,2.40625,1.0,1.0
420,1989,Williams Renault,77.0,2,2.40625,1.0,1.0
421,1990,Arrows Ford,2.0,4,0.08,0.0,0.0
422,1990,Benetton Ford,70.0,3,2.2903225806451615,0.0,1.0
423,1990,Brabham Judd,2.0,4,0.08333333333333333,0.0,0.0
424,1990,Ferrari,108.0,2,3.5483870967741935,3.0,5.0
425,1990,Ferrari,108.0,2,3.5483870967741935,5.0,5.0
426,1990,Leyton House Judd,7.0,4,0.2916666666666667,0.0,0.0
427,1990,Lola Lamborghini,11.0,4,0.3548387096774194,0.0,0.0
428,1990,Lotus Lamborghini,3.0,4,0.1,0.0,0.0
429,1990,McLaren Honda,121.0,1,3.903225806451613,12.0,5.0
430,1990,McLaren Honda,121.0,1,3.903225806451613,8.0,5.0
431,1990,Tyrrell Ford,16.0,4,0.5714285714285714,0.0,0.0
432,1990,Williams Renault,57.0,4,1.78125,1.0,5.0
433,1990,Williams Renault,57.0,4,1.78125,2.0,5.0
434,1991,Benetton Ford,30.5,4,1.2419354838709677,0.0,1.0
435,1991,Brabham Yamaha,3.0,4,0.10714285714285714,0.0,0.0
436,1991,Dallara Judd,5.0,4,0.1724137931034483,0.0,0.0
437,1991,Ferrari,55.5,3,1.7903225806451613,2.0,2.0
438,1991,Jordan Ford,13.0,4,0.4482758620689655,0.0,1.0
439,1991,Leyton House Ilmor,1.0,4,0.03125,0.0,0.0
440,1991,Lola Ford,2.0,4,0.08695652173913043,0.0,0.0
441,1991,Lotus Judd,3.0,4,0.13043478260869565,0.0,0.0
442,1991,McLaren Honda,139.0,1,4.34375,10.0,4.0
443,1991,McLaren Honda,139.0,1,4.34375,5.0,4.0
444,1991,Minardi Ferrari,14.0,4,0.1875,0.0,0.0
445,1991,Tyrrell Honda,12.0,4,0.375,1.0,0.0
446,1991,Williams Renault,125.0,2,4.032258064516129,6.0,8.0
447,1991,Williams Renault,125.0,2,4.032258064516129,8.0,8.0
448,1992,Benetton Ford,91.0,3,2.84375,1.0,2.0
449,1992,Dallara Ferrari,2.0,4,0.07142857142857142,0.0,0.0
450,1992,Ferrari,21.0,4,0.6774193548387096,0.0,0.0
451,1992,Footwork Mugen Honda,6.0,4,0.20689655172413793,0.0,0.0
452,1992,Jordan Yamaha,1.0,4,0.038461538461538464,0.0,0.0
453,1992,Ligier Renault,6.0,4,0.20689655172413793,0.0,0.0
454,1992,Lotus Ford,13.0,4,0.43333333333333335,0.0,0.0
455,1992,March Ilmor,3.0,4,0.12,0.0,0.0
456,1992,McLaren Honda,99.0,2,3.3,1.0,3.0
457,1992,McLaren Honda,99.0,2,3.3,4.0,3.0
458,1992,Minardi Lamborghini,1.0,4,0.038461538461538464,0.0,0.0
459,1992,Tyrrell Ilmor,8.0,4,0.25806451612903225,0.0,0.0
460,1992,Venturi Lamborghini,1.0,4,0.034482758620689655,0.0,0.0
461,1992,Williams Renault,164.0,1,5.125,15.0,11.0
462,1992,Williams Renault,164.0,1,5.125,11.0,11.0
463,1993,Benetton Ford,72.0,3,2.3225806451612905,1.0,5.0
464,1993,Ferrari,28.0,4,0.9032258064516129,0.0,0.0
465,1993,Footwork Mugen Honda,4.0,4,0.13333333333333333,0.0,0.0
466,1993,Jordan Hart,3.0,4,0.1111111111111111,0.0,0.0
467,1993,Larrousse Lamborghini,3.0,4,0.1,0.0,0.0
468,1993,Ligier Renault,23.0,4,0.7666666666666667,0.0,0.0
469,1993,Lotus Ford,12.0,4,0.4,0.0,0.0
470,1993,McLaren Ford,84.0,2,2.896551724137931,1.0,1.0
471,1993,McLaren Ford,84.0,2,2.896551724137931,2.0,1.0
472,1993,Minardi Ford,7.0,4,0.22580645161290322,0.0,0.0
473,1993,Sauber,12.0,4,0.4,0.0,0.0
474,1993,Williams Renault,168.0,1,5.25,15.0,10.0
475,1993,Williams Renault,168.0,1,5.25,13.0,10.0
476,1994,Benetton Ford,102.0,2,3.5517241379310347,6.0,8.0
477,1994,Benetton Ford,102.0,2,3.5517241379310347,6.0,8.0
478,1994,Ferrari,71.0,3,2.21875,3.0,0.0
479,1994,Ferrari,71.0,3,2.21875,3.0,0.0
480,1994,Footwork Ford,9.0,4,0.2903225806451613,0.0,0.0
481,1994,Jordan Hart,25.0,4,0.875,1.0,0.0
482,1994,Larrousse Ford,2.0,4,0.06451612903225806,0.0,0.0
483,1994,Ligier Renault,9.0,4,0.41935483870967744,0.0,0.0
484,1994,Lotus Mugen Honda,4.0,4,0.0,0.0,0.0
485,1994,McLaren Peugeot,42.0,4,1.3125,1.0,0.0
486,1994,Minardi Ford,5.0,4,0.15625,0.0,0.0
487,1994,Sauber Mercedes,16.0,4,0.41379310344827586,0.0,0.0
488,1994,Tyrrell Yamaha,13.0,4,0.40625,0.0,0.0
489,1994,Williams Renault,118.0,1,3.806451612903226,6.0,8.0
490,1994,Williams Renault,118.0,1,3.806451612903226,6.0,8.0
491,1995,Benetton Renault,147.0,1,4.323529411764706,4.0,8.0
492,1995,Benetton Renault,147.0,1,4.323529411764706,6.0,8.0
493,1995,Ferrari,73.0,3,2.1470588235294117,1.0,3.0
494,1995,Ferrari,73.0,3,2.1470588235294117,4.0,3.0
495,1995,Footwork Hart,5.0,4,0.15151515151515152,0.0,0.0
496,1995,Jordan Peugeot,21.0,4,0.6176470588235294,0.0,0.0
497,1995,Ligier Mugen Honda,24.0,4,0.7272727272727273,0.0,0.0
498,1995,McLaren Mercedes,30.0,4,0.9375,0.0,0.0
499,1995,Minardi Ford,1.0,4,0.030303030303030304,0.0,0.0
500,1995,Sauber Ford,18.0,4,0.5454545454545454,0.0,0.0
501,1995,Tyrrell Yamaha,5.0,4,0.15151515151515152,0.0,0.0
502,1995,Williams Renault,118.0,2,3.4705882352941178,12.0,6.0
503,1995,Williams Renault,118.0,2,3.4705882352941178,7.0,6.0
504,1996,Benetton Renault,68.0,3,2.125,1.0,3.0
505,1996,Ferrari,70.0,2,2.1875,4.0,2.0
506,1996,Ferrari,70.0,2,2.1875,1.0,2.0
507,1996,Footwork Hart,1.0,4,0.03125,0.0,0.0
508,1996,Jordan Peugeot,22.0,4,0.6875,1.0,0.0
509,1996,Ligier Mugen Honda,15.0,4,0.46875,0.0,0.0
510,1996,McLaren Mercedes,49.0,4,1.53125,0.0,0.0
511,1996,Sauber Ford,11.0,4,0.36666666666666664,0.0,0.0
512,1996,Tyrrell Yamaha,5.0,4,0.16666666666666666,0.0,0.0
513,1996,Williams Renault,175.0,1,5.46875,12.0,11.0
514,1996,Williams Renault,175.0,1,5.46875,13.0,11.0
515,1997,Arrows Yamaha,9.0,4,0.2647058823529412,0.0,0.0
516,1997,Benetton Renault,67.0,3,1.9705882352941178,2.0,2.0
517,1997,Benetton Renault,67.0,3,1.9705882352941178,1.0,2.0
518,1997,Ferrari,102.0,2,3.0,3.0,3.0
519,1997,Ferrari,102.0,2,3.0,4.0,3.0
520,1997,Jordan Peugeot,33.0,4,0.9705882352941176,1.0,1.0
521,1997,McLaren Mercedes,63.0,4,1.9090909090909092,1.0,2.0
522,1997,McLaren Mercedes,63.0,4,1.9090909090909092,1.0,2.0
523,1997,Prost Mugen Honda,21.0,4,0.6176470588235294,0.0,0.0
524,1997,Sauber Petronas,16.0,4,0.48484848484848486,0.0,0.0
525,1997,Stewart Ford,6.0,4,0.18181818181818182,0.0,0.0
526,1997,Tyrrell Ford,2.0,4,0.058823529411764705,0.0,0.0
527,1997,Williams Renault,123.0,1,3.727272727272727,11.0,9.0
528,1997,Williams Renault,123.0,1,3.727272727272727,10.0,9.0
529,1998,Arrows,6.0,4,0.1935483870967742,0.0,0.0
530,1998,Benetton Playlife,33.0,4,1.03125,1.0,1.0
531,1998,Ferrari,133.0,2,4.15625,3.0,6.0
532,1998,Ferrari,133.0,2,4.15625,4.0,6.0
533,1998,Jordan Mugen Honda,34.0,4,1.096774193548387,0.0,0.0
534,1998,McLaren Mercedes,156.0,1,4.875,12.0,9.0
535,1998,McLaren Mercedes,156.0,1,4.875,10.0,9.0
536,1998,Minardi Ford,0.0,4,0.0,0.0,0.0
537,1998,Prost Peugeot,1.0,4,0.03225806451612903,0.0,0.0
538,1998,Sauber Petronas,10.0,4,0.3125,1.0,0.0
539,1998,Stewart Ford,5.0,4,0.16129032258064516,0.0,0.0
540,1998,Tyrrell Ford,0.0,4,0.0,0.0,0.0
541,1998,Williams Mecachrome,38.0,3,1.1875,1.0,0.0
542,1999,Arrows,1.0,4,0.03225806451612903,0.0,0.0
543,1999,Benetton Playlife,16.0,4,0.5,0.0,0.0
544,1999,Ferrari,128.0,1,4.129032258064516,3.0,5.0
545,1999,Ferrari,128.0,1,4.129032258064516,5.0,5.0
546,1999,Jordan Mugen Honda,61.0,3,1.90625,1.0,1.0
547,1999,Jordan Mugen Honda,61.0,3,1.90625,2.0,1.0
548,1999,McLaren Mercedes,124.0,2,3.875,11.0,9.0
549,1999,McLaren Mercedes,124.0,2,3.875,8.0,9.0
550,1999,Minardi Ford,1.0,4,0.03125,0.0,0.0
551,1999,Prost Peugeot,9.0,4,0.28125,0.0,0.0
552,1999,Sauber Petronas,5.0,4,0.15625,1.0,0.0
553,1999,Stewart Ford,36.0,4,1.2,1.0,0.0
554,1999,Williams Supertec,35.0,4,1.09375,0.0,1.0
555,2000,Arrows Supertec,7.0,4,0.21212121212121213,0.0,0.0
556,2000,BAR Honda,20.0,4,0.5882352941176471,0.0,0.0
557,2000,Benetton Playlife,20.0,4,0.5882352941176471,0.0,0.0
558,2000,Ferrari,170.0,1,5.0,10.0,5.0
559,2000,Ferrari,170.0,1,5.0,4.0,5.0
560,2000,Jaguar Cosworth,4.0,4,0.11764705882352941,0.0,0.0
561,2000,Jordan Mugen Honda,17.0,4,0.5,3.0,0.0
562,2000,McLaren Mercedes,162.0,2,4.909090909090909,7.0,12.0
563,2000,McLaren Mercedes,162.0,2,4.909090909090909,10.0,12.0
564,2000,Minardi Fondmetal,0.0,4,0.0,0.0,0.0
565,2000,Prost Peugeot,0.0,4,0.0,0.0,0.0
566,2000,Sauber Petronas,6.0,4,0.1935483870967742,0.0,0.0
567,2000,Williams BMW,36.0,3,1.0588235294117647,0.0,0.0
568,2001,Arrows Asiatech,1.0,4,0.029411764705882353,0.0,0.0
569,2001,BAR Honda,17.0,4,0.5,0.0,0.0
570,2001,Benetton Renault,10.0,4,0.29411764705882354,0.0,0.0
571,2001,Ferrari,179.0,1,5.264705882352941,11.0,3.0
572,2001,Ferrari,179.0,1,5.264705882352941,5.0,3.0
573,2001,Jaguar Cosworth,9.0,4,0.2727272727272727,0.0,0.0
574,2001,Jordan Honda,17.0,4,0.5757575757575758,0.0,0.0
575,2001,McLaren Mercedes,102.0,2,3.0,2.0,6.0
576,2001,McLaren Mercedes,102.0,2,3.0,5.0,6.0
577,2001,Prost Acer,6.0,4,0.12121212121212122,0.0,0.0
578,2001,Sauber Petronas,21.0,4,0.65625,0.0,0.0
579,2001,Williams BMW,80.0,3,2.3529411764705883,4.0,8.0
580,2001,Williams BMW,80.0,3,2.3529411764705883,7.0,8.0
581,2002,Arrows Cosworth,0.0,4,0.1,0.0,0.0
582,2002,BAR Honda,7.0,4,0.20588235294117646,0.0,0.0
583,2002,Ferrari,221.0,1,6.5,10.0,12.0
584,2002,Ferrari,221.0,1,6.5,11.0,12.0
585,2002,Jaguar Cosworth,8.0,4,0.23529411764705882,0.0,0.0
586,2002,Jordan Honda,9.0,4,0.2727272727272727,0.0,0.0
587,2002,McLaren Mercedes,65.0,3,1.911764705882353,2.0,2.0
588,2002,Minardi Asiatech,2.0,4,0.06896551724137931,0.0,0.0
589,2002,Renault,23.0,4,0.6764705882352942,0.0,0.0
590,2002,Sauber Petronas,13.0,4,0.3235294117647059,0.0,0.0
591,2002,Toyota,2.0,4,0.06060606060606061,0.0,0.0
592,2002,Williams BMW,92.0,2,2.7058823529411766,7.0,3.0
593,2002,Williams BMW,92.0,2,2.7058823529411766,4.0,3.0
594,2003,BAR Honda,26.0,4,0.8387096774193549,0.0,0.0
595,2003,Ferrari,158.0,1,4.9375,8.0,8.0
596,2003,Ferrari,158.0,1,4.9375,4.0,8.0
597,2003,Jaguar Cosworth,18.0,4,0.5625,0.0,0.0
598,2003,Jordan Ford,13.0,4,0.40625,0.0,0.0
599,2003,McLaren Mercedes,142.0,3,4.4375,2.0,3.0
600,2003,McLaren Mercedes,142.0,3,4.4375,3.0,3.0
601,2003,Minardi Cosworth,0.0,4,0.0,0.0,0.0
602,2003,Renault,88.0,4,2.75,2.0,1.0
603,2003,Renault,88.0,4,2.75,2.0,1.0
604,2003,Sauber Petronas,19.0,4,0.59375,0.0,0.0
605,2003,Toyota,16.0,4,0.5,0.0,0.0
606,2003,Williams BMW,144.0,2,4.5,4.0,4.0
607,2003,Williams BMW,144.0,2,4.5,7.0,4.0
608,2004,BAR Honda,119.0,2,3.3055555555555554,1.0,0.0
609,2004,BAR Honda,119.0,2,3.3055555555555554,2.0,0.0
610,2004,Ferrari,262.0,1,7.277777777777778,12.0,14.0
611,2004,Ferrari,262.0,1,7.277777777777778,8.0,14.0
612,2004,Jaguar Cosworth,10.0,4,0.2777777777777778,1.0,0.0
613,2004,Jordan Ford,5.0,4,0.1388888888888889,0.0,0.0
614,2004,McLaren Mercedes,69.0,4,1.9166666666666667,1.0,2.0
615,2004,McLaren Mercedes,69.0,4,1.9166666666666667,1.0,2.0
616,2004,Minardi Cosworth,1.0,4,0.027777777777777776,0.0,0.0
617,2004,Renault,59.0,4,2.9166666666666665,3.0,0.0
618,2004,Sauber Petronas,34.0,4,0.9444444444444444,0.0,0.0
619,2004,Toyota,55.0,4,0.2647058823529412,0.0,0.0
620,2004,Williams BMW,88.0,3,2.6666666666666665,1.0,2.0
621,2004,Williams BMW,88.0,3,2.6666666666666665,6.0,2.0
622,2005,BAR Honda,38.0,4,1.2258064516129032,1.0,0.0
623,2005,BAR Honda,38.0,4,1.2258064516129032,2.0,0.0
624,2005,Ferrari,100.0,3,2.6315789473684212,1.0,3.0
625,2005,Ferrari,100.0,3,2.6315789473684212,2.0,3.0
626,2005,Jordan Toyota,12.0,4,0.3157894736842105,0.0,0.0
627,2005,McLaren Mercedes,182.0,2,4.918918918918919,7.0,12.0
628,2005,McLaren Mercedes,182.0,2,4.918918918918919,7.0,12.0
629,2005,Minardi Cosworth,7.0,4,0.18421052631578946,0.0,0.0
630,2005,RBR Cosworth,34.0,4,0.8947368421052632,0.0,0.0
631,2005,Renault,191.0,1,5.026315789473684,7.0,3.0
632,2005,Renault,191.0,1,5.026315789473684,4.0,3.0
633,2005,Sauber Petronas,20.0,4,0.5263157894736842,0.0,0.0
634,2005,Toyota,88.0,4,2.3157894736842106,2.0,1.0
635,2005,Toyota,88.0,4,2.3157894736842106,3.0,1.0
636,2005,Williams BMW,66.0,4,1.736842105263158,1.0,0.0
637,2005,Williams BMW,66.0,4,1.736842105263158,1.0,0.0
638,2006,Ferrari,201.0,2,5.583333333333333,7.0,9.0
639,2006,Ferrari,201.0,2,5.583333333333333,9.0,9.0
640,2006,Honda,86.0,4,2.388888888888889,1.0,0.0
641,2006,Honda,86.0,4,2.388888888888889,2.0,0.0
642,2006,MF1 Toyota,0.0,4,0.0,0.0,0.0
643,2006,McLaren Mercedes,110.0,3,3.0555555555555554,3.0,3.0
644,2006,McLaren Mercedes,110.0,3,3.0555555555555554,2.0,3.0
645,2006,RBR Ferrari,16.0,4,0.4444444444444444,0.0,0.0
646,2006,Renault,206.0,1,5.722222222222222,7.0,5.0
647,2006,Renault,206.0,1,5.722222222222222,4.0,5.0
648,2006,STR Cosworth,1.0,4,0.027777777777777776,0.0,0.0
649,2006,Sauber BMW,36.0,4,1.0285714285714285,0.0,0.0
650,2006,Super Aguri Honda,0.0,4,0.0,0.0,0.0
651,2006,Toyota,35.0,4,0.9722222222222222,0.0,0.0
652,2006,Williams Cosworth,11.0,4,0.3055555555555556,1.0,1.0
653,2007,Ferrari,204.0,2,6.181818181818182,9.0,12.0
654,2007,Ferrari,204.0,2,6.181818181818182,3.0,12.0
655,2007,Honda,6.0,4,0.17647058823529413,0.0,0.0
656,2007,McLaren Mercedes,218.0,1,6.411764705882353,8.0,5.0
657,2007,McLaren Mercedes,218.0,1,6.411764705882353,14.0,5.0
658,2007,Red Bull Renault,24.0,4,0.7058823529411765,0.0,0.0
659,2007,Renault,51.0,4,1.5454545454545454,0.0,0.0
660,2007,STR Ferrari,9.0,4,0.23529411764705882,0.0,0.0
661,2007,Sauber BMW,100.0,3,2.9705882352941178,0.0,0.0
662,2007,Spyker Ferrari,1.0,4,0.029411764705882353,0.0,0.0
663,2007,Super Aguri Honda,4.0,4,0.11764705882352941,0.0,0.0
664,2007,Toyota,13.0,4,0.38235294117647056,0.0,0.0
665,2007,Williams Toyota,33.0,4,1.0,0.0,0.0
666,2008,Ferrari,172.0,1,4.777777777777778,8.0,13.0
667,2008,Ferrari,172.0,1,4.777777777777778,8.0,13.0
668,2008,Force India Ferrari,0.0,4,0.0,0.0,0.0
669,2008,Honda,14.0,4,0.4,0.0,0.0
670,2008,McLaren Mercedes,151.0,2,4.194444444444445,8.0,3.0
671,2008,McLaren Mercedes,151.0,2,4.194444444444445,5.0,3.0
672,2008,Red Bull Renault,29.0,4,0.8055555555555556,1.0,0.0
673,2008,Renault,80.0,4,2.2222222222222223,1.0,0.0
674,2008,STR Ferrari,39.0,4,1.0833333333333333,1.0,0.0
675,2008,Sauber BMW,135.0,3,3.75,1.0,2.0
676,2008,Sauber BMW,135.0,3,3.75,2.0,2.0
677,2008,Super Aguri Honda,0.0,4,0.0,0.0,0.0
678,2008,Toyota,56.0,4,1.5555555555555556,1.0,0.0
679,2008,Williams Toyota,26.0,4,0.7222222222222222,0.0,0.0
680,2009,Brawn Mercedes,172.0,1,5.0588235294117645,5.0,4.0
681,2009,Brawn Mercedes,172.0,1,5.0588235294117645,4.0,4.0
682,2009,Ferrari,78.0,3,2.121212121212121,1.0,1.0
683,2009,Force India Mercedes,5.0,4,0.38235294117647056,1.0,1.0
684,2009,Force India Mercedes,5.0,4,0.38235294117647056,1.0,1.0
685,2009,McLaren Mercedes,71.0,4,2.088235294117647,4.0,0.0
686,2009,McLaren Mercedes,71.0,4,2.088235294117647,1.0,0.0
687,2009,RBR Renault,153.5,2,4.514705882352941,5.0,6.0
688,2009,RBR Renault,153.5,2,4.514705882352941,5.0,6.0
689,2009,Renault,26.0,4,0.7647058823529411,1.0,2.0
690,2009,Renault,26.0,4,0.7647058823529411,1.0,2.0
691,2009,STR Ferrari,8.0,4,0.23529411764705882,0.0,0.0
692,2009,Sauber BMW,36.0,4,1.0588235294117647,0.0,0.0
693,2009,Toyota,59.5,4,1.803030303030303,1.0,2.0
694,2009,Toyota,59.5,4,1.803030303030303,4.0,2.0
695,2009,Williams Toyota,34.5,4,1.0147058823529411,0.0,1.0
696,2010,Ferrari,396.0,3,10.421052631578947,2.0,5.0
697,2010,Ferrari,396.0,3,10.421052631578947,2.0,5.0
698,2010,Force India Mercedes,68.0,4,1.7894736842105263,0.0,0.0
699,2010,HRT Cosworth,0.0,4,0.0,0.0,0.0
700,2010,Lotus Cosworth,0.0,4,0.0,0.0,0.0
701,2010,McLaren Mercedes,454.0,2,11.947368421052632,1.0,6.0
702,2010,McLaren Mercedes,454.0,2,11.947368421052632,4.0,6.0
703,2010,Mercedes,214.0,4,5.631578947368421,1.0,0.0
704,2010,RBR Renault,498.0,1,13.105263157894736,15.0,6.0
705,2010,RBR Renault,498.0,1,13.105263157894736,11.0,6.0
706,2010,Renault,163.0,4,4.2894736842105265,1.0,2.0
707,2010,STR Ferrari,13.0,4,0.34210526315789475,0.0,0.0
708,2010,Sauber Ferrari,44.0,4,1.1578947368421053,0.0,0.0
709,2010,Virgin Cosworth,0.0,4,0.0,0.0,0.0
710,2010,Williams Cosworth,69.0,4,1.8157894736842106,1.0,0.0
711,2011,Ferrari,375.0,3,9.868421052631579,1.0,3.0
712,2011,Force India Mercedes,69.0,4,1.8157894736842106,0.0,0.0
713,2011,HRT Cosworth,0.0,4,0.0,0.0,0.0
714,2011,Lotus Renault,0.0,4,0.0,0.0,0.0
715,2011,McLaren Mercedes,497.0,2,13.078947368421053,1.0,6.0
716,2011,McLaren Mercedes,497.0,2,13.078947368421053,11.0,6.0
717,2011,Mercedes,165.0,4,4.342105263157895,0.0,0.0
718,2011,Red Bull Racing Renault,650.0,1,17.105263157894736,18.0,10.0
719,2011,Red Bull Racing Renault,650.0,1,17.105263157894736,7.0,10.0
720,2011,Renault,73.0,4,1.9210526315789473,0.0,0.0
721,2011,STR Ferrari,41.0,4,1.0789473684210527,0.0,0.0
722,2011,Sauber Ferrari,44.0,4,1.1891891891891893,0.0,0.0
723,2011,Virgin Cosworth,0.0,4,0.0,0.0,0.0
724,2011,Williams Cosworth,5.0,4,0.13157894736842105,0.0,0.0
725,2012,Caterham Renault,0.0,4,0.0,0.0,0.0
726,2012,Ferrari,400.0,2,10.0,2.0,0.0
727,2012,Ferrari,400.0,2,10.0,1.0,0.0
728,2012,Force India Mercedes,109.0,4,2.725,0.0,1.0
729,2012,HRT Cosworth,0.0,4,0.0,0.0,0.0
730,2012,Lotus Renault,303.0,4,7.575,1.0,3.0
731,2012,Marussia Cosworth,0.0,4,0.0,0.0,0.0
732,2012,McLaren Mercedes,378.0,3,9.45,8.0,3.0
733,2012,McLaren Mercedes,378.0,3,9.45,9.0,3.0
734,2012,Mercedes,142.0,4,3.55,2.0,3.0
735,2012,Red Bull Racing Renault,460.0,1,11.5,7.0,7.0
736,2012,Red Bull Racing Renault,460.0,1,11.5,7.0,7.0
737,2012,STR Ferrari,26.0,4,0.65,0.0,0.0
738,2012,Sauber Ferrari,126.0,4,3.15,1.0,2.0
739,2012,Williams Renault,76.0,4,1.9,1.0,1.0
740,2012,Williams Renault,76.0,4,1.9,1.0,1.0
741,2013,Caterham Renault,0.0,4,0.0,0.0,0.0
742,2013,Ferrari,354.0,3,9.31578947368421,1.0,2.0
743,2013,Force India Mercedes,77.0,4,2.026315789473684,0.0,0.0
744,2013,Lotus Renault,315.0,4,8.289473684210526,1.0,2.0
745,2013,Marussia Cosworth,0.0,4,0.0,0.0,0.0
746,2013,McLaren Mercedes,122.0,4,3.210526315789474,0.0,1.0
747,2013,Mercedes,360.0,2,9.473684210526315,8.0,1.0
748,2013,Mercedes,360.0,2,9.473684210526315,8.0,1.0
749,2013,Red Bull Racing Renault,596.0,1,15.68421052631579,11.0,12.0
750,2013,Red Bull Racing Renault,596.0,1,15.68421052631579,9.0,12.0
751,2013,STR Ferrari,33.0,4,0.868421052631579,0.0,0.0
752,2013,Sauber Ferrari,57.0,4,1.5,0.0,1.0
753,2013,Williams Renault,5.0,4,0.13157894736842105,0.0,0.0
754,2014,Caterham Renault,0.0,4,0.0,0.0,0.0
755,2014,Ferrari,216.0,4,5.684210526315789,0.0,1.0
756,2014,Force India Mercedes,155.0,4,4.078947368421052,0.0,1.0
757,2014,Lotus Renault,10.0,4,0.2631578947368421,0.0,0.0
758,2014,Marussia Ferrari,2.0,4,0.06451612903225806,0.0,0.0
759,2014,McLaren Mercedes,181.0,4,4.7631578947368425,0.0,0.0
760,2014,Mercedes,701.0,1,18.44736842105263,18.0,12.0
761,2014,Mercedes,701.0,1,18.44736842105263,12.0,12.0
762,2014,Red Bull Racing Renault,405.0,2,10.657894736842104,5.0,3.0
763,2014,STR Renault,30.0,4,0.7894736842105263,0.0,0.0
764,2014,Sauber Ferrari,0.0,4,0.0,0.0,0.0
765,2014,Williams Mercedes,320.0,3,8.421052631578947,1.0,2.0
766,2014,Williams Mercedes,320.0,3,8.421052631578947,2.0,2.0
767,2015,Ferrari,428.0,2,11.263157894736842,1.0,3.0
768,2015,Ferrari,428.0,2,11.263157894736842,3.0,3.0
769,2015,Force India Mercedes,136.0,4,3.5789473684210527,0.0,0.0
770,2015,Lotus Mercedes,78.0,4,2.0526315789473686,0.0,0.0
771,2015,Marussia Ferrari,0.0,4,0.0,0.0,0.0
772,2015,McLaren Honda,27.0,4,0.7105263157894737,0.0,0.0
773,2015,Mercedes,703.0,1,18.5,18.0,13.0
774,2015,Mercedes,703.0,1,18.5,15.0,13.0
775,2015,Red Bull Racing Renault,187.0,4,4.921052631578948,1.0,3.0
776,2015,STR Renault,67.0,4,1.763157894736842,0.0,0.0
777,2015,Sauber Ferrari,36.0,4,0.9473684210526315,0.0,0.0
778,2015,Williams Mercedes,257.0,3,6.945945945945946,0.0,0.0
779,2016,Ferrari,398.0,3,9.476190476190476,1.0,4.0
780,2016,Force India Mercedes,173.0,4,4.119047619047619,1.0,1.0
781,2016,Haas Ferrari,29.0,4,0.6904761904761905,0.0,0.0
782,2016,MRT Mercedes,1.0,4,0.023809523809523808,0.0,0.0
783,2016,McLaren Honda,76.0,4,1.8095238095238095,0.0,1.0
784,2016,Mercedes,765.0,1,18.214285714285715,20.0,9.0
785,2016,Mercedes,765.0,1,18.214285714285715,16.0,9.0
786,2016,Red Bull Racing TAG Heuer,460.0,2,11.142857142857142,1.0,5.0
787,2016,Red Bull Racing TAG Heuer,460.0,2,11.142857142857142,3.0,5.0
788,2016,Renault,8.0,4,0.19047619047619047,0.0,0.0
789,2016,Sauber Ferrari,2.0,4,0.047619047619047616,0.0,0.0
790,2016,Toro Rosso Ferrari,71.0,4,1.5,0.0,1.0
791,2016,Williams Mercedes,138.0,4,3.2857142857142856,0.0,0.0
792,2017,Ferrari,522.0,2,13.05,5.0,7.0
793,2017,Ferrari,522.0,2,13.05,13.0,7.0
794,2017,Force India Mercedes,187.0,4,4.675,0.0,1.0
795,2017,Haas Ferrari,47.0,4,1.175,0.0,0.0
796,2017,McLaren Honda,30.0,4,0.75,0.0,1.0
797,2017,Mercedes,668.0,1,16.7,15.0,9.0
798,2017,Mercedes,668.0,1,16.7,4.0,9.0
799,2017,Red Bull Racing TAG Heuer,368.0,3,9.2,3.0,2.0
800,2017,Renault,105.0,4,1.425,0.0,0.0
801,2017,Sauber Ferrari,5.0,4,0.125,0.0,0.0
802,2017,Toro Rosso,5.0,4,1.325,0.0,0.0
803,2017,Williams Mercedes,83.0,4,2.075,0.0,0.0
804,2018,Ferrari,571.0,2,13.595238095238095,6.0,4.0
805,2018,Ferrari,571.0,2,13.595238095238095,9.0,4.0
806,2018,Force India Mercedes,111.0,4,2.642857142857143,0.0,0.0
807,2018,Haas Ferrari,93.0,4,2.2142857142857144,0.0,1.0
808,2018,McLaren Renault,62.0,4,1.4761904761904763,0.0,0.0
809,2018,Mercedes,655.0,1,15.595238095238095,13.0,10.0
810,2018,Mercedes,655.0,1,15.595238095238095,10.0,10.0
811,2018,Red Bull Racing TAG Heuer,419.0,3,9.976190476190476,2.0,6.0
812,2018,Red Bull Racing TAG Heuer,419.0,3,9.976190476190476,2.0,6.0
813,2018,Renault,122.0,4,2.9047619047619047,0.0,0.0
814,2018,Sauber Ferrari,48.0,4,1.1428571428571428,0.0,0.0
815,2018,Scuderia Toro Rosso Honda,33.0,4,0.7857142857142857,0.0,0.0
816,2018,Williams Mercedes,7.0,4,0.16666666666666666,0.0,0.0
817,2019,Alfa Romeo Racing Ferrari,57.0,4,1.3571428571428572,0.0,0.0
818,2019,Ferrari,504.0,2,12.0,8.0,6.0
819,2019,Ferrari,504.0,2,12.0,6.0,6.0
820,2019,Haas Ferrari,28.0,4,0.6666666666666666,0.0,1.0
821,2019,McLaren Renault,145.0,4,3.4523809523809526,0.0,0.0
822,2019,Mercedes,739.0,1,17.595238095238095,10.0,9.0
823,2019,Mercedes,739.0,1,17.595238095238095,14.0,9.0
824,2019,Racing Point BWT Mercedes,73.0,4,1.7380952380952381,0.0,0.0
825,2019,Red Bull Racing Honda,370.0,3,9.928571428571429,3.0,5.0
826,2019,Red Bull Racing Honda,370.0,3,9.928571428571429,1.0,5.0
827,2019,Renault,91.0,4,2.1666666666666665,0.0,0.0
828,2019,Scuderia Toro Rosso Honda,132.0,4,2.0238095238095237,0.0,0.0
829,2019,Williams Mercedes,1.0,4,0.023809523809523808,0.0,0.0
830,2020,Alfa Romeo Racing Ferrari,8.0,4,0.23529411764705882,0.0,0.0
831,2020,AlphaTauri Honda,107.0,4,3.1470588235294117,0.0,0.0
832,2020,Ferrari,131.0,4,3.8529411764705883,0.0,0.0
833,2020,Haas Ferrari,3.0,4,0.08823529411764706,0.0,0.0
834,2020,McLaren Renault,202.0,4,5.9411764705882355,0.0,3.0
835,2020,Mercedes,570.0,1,16.852941176470587,15.0,9.0
836,2020,Mercedes,570.0,1,16.852941176470587,14.0,9.0
837,2020,Racing Point BWT Mercedes,210.0,3,6.176470588235294,1.0,0.0
838,2020,Red Bull Racing Honda,319.0,2,9.382352941176471,1.0,3.0
839,2020,Red Bull Racing Honda,319.0,2,9.382352941176471,3.0,3.0
840,2020,Renault,181.0,4,5.323529411764706,0.0,2.0
841,2020,Williams Mercedes,3.0,4,0.0,0.0,0.0
842,2021,Alfa Romeo Racing Ferrari,13.0,4,0.29545454545454547,0.0,0.0
843,2021,AlphaTauri Honda,142.0,4,3.227272727272727,0.0,1.0
844,2021,Alpine Renault,155.0,4,3.522727272727273,0.0,0.0
845,2021,Aston Martin Mercedes,77.0,4,1.75,0.0,0.0
846,2021,Ferrari,323.5,3,7.329545454545454,2.0,0.0
847,2021,Ferrari,323.5,3,7.329545454545454,1.0,0.0
848,2021,Haas Ferrari,0.0,4,0.0,0.0,0.0
849,2021,McLaren Mercedes,275.0,4,6.2272727272727275,1.0,2.0
850,2021,McLaren Mercedes,275.0,4,6.2272727272727275,1.0,2.0
851,2021,Mercedes,613.5,1,13.738636363636363,10.0,10.0
852,2021,Mercedes,613.5,1,13.738636363636363,14.0,10.0
853,2021,Red Bull Racing Honda,585.5,2,13.147727272727273,9.0,8.0
854,2021,Red Bull Racing Honda,585.5,2,13.147727272727273,5.0,8.0
855,2021,Williams Mercedes,23.0,4,0.5227272727272727,1.0,0.0
